{
  "COLLAR": {
    "and": [
      {
        "in": [
          {
            "var": "bodyType"
          },
          [
            "SHIRT_WOVEN",
            "JACKET_WOVEN"
          ]
        ]
      },
      {
        "in": [
          {
            "var": "fabricClass"
          },
          [
            "WOVEN_LIGHT",
            "WOVEN_MEDIUM"
          ]
        ]
      },
      {
        "!": {
          "contains": [
            {
              "var": "presentTags"
            },
            "HOOD_ANY"
          ]
        }
      }
    ]
  },
  "PLACKET": {
    "and": [
      {
        "==": [
          {
            "var": "bodyType"
          },
          "SHIRT_WOVEN"
        ]
      },
      {
        "in": [
          {
            "var": "fabricClass"
          },
          [
            "WOVEN_LIGHT",
            "WOVEN_MEDIUM"
          ]
        ]
      }
    ]
  }
}